n_receivers,geoana-ram,geoana-ram-std,choclo-ram,choclo-ram-std,geoana-forward_only,geoana-forward_only-std,choclo-forward_only,choclo-forward_only-std
100,0.26374347099999795,0.0,0.14416627000036897,0.0,0.6335149149999779,0.0,0.14980222599979243,0.0
400,0.9010408690000986,0.0,0.49357816200017623,0.0,2.607049350000125,0.0,0.4666774150000492,0.0
900,1.9920797710001352,0.0,0.9854583110000021,0.0,6.075771637000344,0.0,0.9965806659997725,0.0
1600,3.6184623459998875,0.0,1.715482582000277,0.0,10.64746355699981,0.0,1.737615588999688,0.0
2500,5.968249430000014,0.0,2.719347344000198,0.0,16.243996548999803,0.0,2.706669531999978,0.0
3600,8.45470263299967,0.0,3.8273164180000094,0.0,24.57520024400037,0.0,3.892448976999731,0.0
10000,22.804747809999753,0.0,10.641145672999755,0.0,67.74494205600013,0.0,10.678772277999997,0.0
