n_receivers,geoana-ram,geoana-ram-std,choclo-ram,choclo-ram-std,geoana-forward_only,geoana-forward_only-std,choclo-forward_only,choclo-forward_only-std
100,0.2781615413344601,0.01539850548436425,0.16126192299998365,0.008674958254511362,0.5365428353337242,0.035862592906566154,0.15324631500091832,7.223241392297106e-05
400,1.0802479276656716,0.002008080462215047,0.6299842466687551,0.0035755106435151904,2.199393760000627,0.02724066395853916,0.61193320166664,0.0029954339187229324
900,2.421231666333673,0.00425284025464527,1.387890649667194,0.009512930997908607,4.812455368000276,0.03978648925530473,1.3786885163329619,0.00253225946444905
1600,4.315882261667866,0.011412792831793075,2.468183055333308,0.0025759289042955615,8.692790872999467,0.04543068372211574,2.4498025269992163,0.009339086495377548
2500,6.764695822666302,0.04607936878507852,3.838382039333131,0.013833724094522598,13.56095362199873,0.1277897611911433,3.8253772589996515,0.0014488189371466766
3600,9.69996124799824,0.03756025330115475,5.553279340668571,0.0087795047820188,19.67068900966721,0.30863432448205524,5.5099146123344935,0.010867196445998534
10000,27.50673518533343,0.7048598059985338,15.384976474999954,0.021984805376978098,53.94101611833321,0.4782796737527369,15.340886657000132,0.023729012180727923
